Product_Name,Brand,Supplier_SKU,SKU,Department,Main_Category,Sub_Category,Sub_Sub_Category,Cost_Price,Supplier,ROP,Qty,Barcode,Material,Colour_Flavour,Measurement,Web_Desc,Length,Leaves,Tips_No,Downstem_Length,Joint_Size,Bowl_Size,Angle,Variant_Mode,Variant_Type,Variants_Raw,Variant_Group
Beekes Batman Glass Bowl,Beekes,BOWL071-14,,PIPES&ROLLING,Waterpipe Acc,Bowl,Bowl14,2.5,BKS Tradeline,1,10,,Glass,Batman,14mm,14mm glass bowl with Batman design.,,,,,,,,SINGLE,,,
Hempthy CBD Gummy Tubs 900mg - Bubblegum Bottles,Hempthy,CBDHTY-GUMT0900-BGB,,CBD&VAPING,CBD,Gummies,,12.5,BKS Tradeline,0,3,,,Bubblegum Bottles,900mg,Hempthy CBD gummy tub 900mg Bubblegum Bottles.,,,,,,,,SUPPLIER_DISTINCT,Flavour,Bubblegum Bottles,Hempthy CBD Gummy Tubs 900mg
Hempthy CBD Gummy Tubs 900mg - Cherry Cola Bottles,Hempthy,CBDHTY-GUMT0900-CCB,,CBD&VAPING,CBD,Gummies,,12.5,BKS Tradeline,0,3,,,Cherry Cola Bottles,900mg,Hempthy CBD gummy tub 900mg Cherry Cola Bottles.,,,,,,,,SUPPLIER_DISTINCT,Flavour,Cherry Cola Bottles,Hempthy CBD Gummy Tubs 900mg
Hempthy CBD Gummy Tubs 1200mg - Fizzy Gummy Bears,Hempthy,CBDHTY-GUMT1200-FGB,,CBD&VAPING,CBD,Gummies,,15,BKS Tradeline,0,3,,,Fizzy Gummy Bears,1200mg,Hempthy CBD gummy tub 1200mg Fizzy Gummy Bears.,,,,,,,,SUPPLIER_DISTINCT,Flavour,Fizzy Gummy Bears,Hempthy CBD Gummy Tubs 1200mg
Elements 4 Piece Metal Grinder,Elements,ELEMPG-RED-50S,,STORAGE&TOOLS,Grinder,Metal,4 Piece,8.99,BKS Tradeline,1,5,,Metal,Small Red,50mm,Elements four-piece metal grinder 50mm red.,,,,,,,,SUPPLIER_DISTINCT,Size,Small Red,Elements 4 Piece Metal Grinder
Elements 4 Piece Metal Grinder,Elements,ELEMPG-RED-55M,,STORAGE&TOOLS,Grinder,Metal,4 Piece,11.99,BKS Tradeline,1,5,,Metal,Medium Red,55mm,Elements four-piece metal grinder 55mm red.,,,,,,,,SUPPLIER_DISTINCT,Size,Medium Red,Elements 4 Piece Metal Grinder
30cm LOUD Glass Striped Beaker Rasta Waterpipe,LOUD,GB26,,PIPES&ROLLING,Waterpipe,Glass,Medium,7.49,BKS Tradeline,0,5,,Glass,Rasta,30cm,30cm LOUD striped glass beaker waterpipe in Rasta colours.,,,,,,,,SINGLE,,,
16cm Glass FUCK Pipe - Mixed Colours,BEEKES,GPFUCK,,PIPES&ROLLING,Pipe,Glass,Under £15,5.25,BKS Tradeline,0,3,,Glass,Mixed Colours,16cm,16cm glass pipe with FUCK design in mixed colours.,,,,,,,,SINGLE,,,
16cm Glass Rasta Bubble Waterpipe (10mm Socket),Micro Glass,MGB1105,,PIPES&ROLLING,Waterpipe,Glass,Small,3,BKS Tradeline,0,10,,Glass,Rasta,16cm / 10mm socket,16cm glass Rasta bubble waterpipe with 10mm socket.,,,,,,,,SINGLE,,,
Clipper - Classic Flint - Trick or Treat (Tray of 48),Clipper,CL019,,,Lighter,Flint,,19.95,S&R Tradelink,24,48,,,Trick or Treat,Tray of 48,Clipper Classic Flint lighters in Trick or Treat designs tray of 48.,,,,,,,,SINGLE,,,
16cm Multi Coloured Pipe Cleaners,,BS6504,,CLEANING&ODOUR CONTROL,Cleaning,Brush,,1.95,S&R Tradelink,10,20,,,Multi Coloured,16cm,16cm multicoloured pipe cleaners.,,,,,,,,SINGLE,,,
Turbojet Aventus 500ml -Golden Summit,Turbojet,TA_500,,CLEANING&ODOUR CONTROL,Odour Control,Air Freshener,,2.27,Atomizer Aerosols Limited,0,240,,,Aventus,500ml,Turbojet 500ml aerosol spray in Aventus fragrance.,,,,,,,,SUPPLIER_DISTINCT,Fragrance,Aventus,Turbojet Aerosol Spray 500ml
Turbojet Black Opium 500ml - Velvet Noir,Turbojet,TBO_500,,CLEANING&ODOUR CONTROL,Odour Control,Air Freshener,,2.27,Atomizer Aerosols Limited,0,240,,,Black Opium,500ml,Turbojet 500ml aerosol spray in Black Opium fragrance.,,,,,,,,SUPPLIER_DISTINCT,Fragrance,Black Opium,Turbojet Aerosol Spray 500ml
Hempthy CBD Gummy Bags 300mg - American Hard Gums,Hempthy,CBDHTY-GUMB0300-AHG,,CBD&VAPING,CBD,Gummies,,5.25,BKS Tradeline,0,5,,,American Hard Gums,300mg,Hempthy CBD Gummy Bags 300mg - American Hard Gums.,,,,,,,,SUPPLIER_DISTINCT,Flavour,American Hard Gums,Hempthy CBD Gummy Bags 300mg
Hempthy CBD Gummy Bags 300mg - Fizzy Gummy Bears,Hempthy,CBDHTY-GUMB0300-FGB,,CBD&VAPING,CBD,Gummies,,5.25,BKS Tradeline,0,5,,,Fizzy Gummy Bears,300mg,Hempthy CBD Gummy Bags 300mg - Fizzy Gummy Bears.,,,,,,,,SUPPLIER_DISTINCT,Flavour,Fizzy Gummy Bears,Hempthy CBD Gummy Bags 300mg
Hempthy CBD Gummy Bags 300mg - Fizzy Sour Peaches,Hempthy,CBDHTY-GUMB0300-FSP,,CBD&VAPING,CBD,Gummies,,5.25,BKS Tradeline,0,5,,,Fizzy Sour Peaches,300mg,Hempthy CBD Gummy Bags 300mg - Fizzy Sour Peaches.,,,,,,,,SUPPLIER_DISTINCT,Flavour,Fizzy Sour Peaches,Hempthy CBD Gummy Bags 300mg
Hempthy CBD Sweet Bags 300mg - Imperial Mints,Hempthy,CBDHTY-GUMB0300-IMP,,CBD&VAPING,CBD,Gummies,,5.25,BKS Tradeline,0,5,,,Imperial Mints,300mg,Hempthy CBD Sweet Bags 300mg - Imperial Mints.,,,,,,,,SUPPLIER_DISTINCT,Flavour,Imperial Mints,Hempthy CBD Gummy Bags 300mg
Hempthy CBD Gummy Bags 300mg - Pick N' Mix,Hempthy,CBDHTY-GUMB0300-PNM,,CBD&VAPING,CBD,Gummies,,5.25,BKS Tradeline,0,5,,,Pick N' Mix,300mg,Hempthy CBD Gummy Bags 300mg - Pick N' Mix.,,,,,,,,SUPPLIER_DISTINCT,Flavour,Pick N' Mix,Hempthy CBD Gummy Bags 300mg
Hempthy CBD Gummy Bags 300mg - Sugar Free Gummies,Hempthy,CBDHTY-GUMB0300-SFG,,CBD&VAPING,CBD,Gummies,,5.25,BKS Tradeline,0,5,,,Sugar Free Gummies,300mg,Hempthy CBD Gummy Bags 300mg - Sugar Free Gummies.,,,,,,,,SUPPLIER_DISTINCT,Flavour,Sugar Free Gummies,Hempthy CBD Gummy Bags 300mg
Hempthy CBD Gummy Bags 1000mg - American Hard Gums,Hempthy,CBDHTY-GUMB1000-AHG,,CBD&VAPING,CBD,Gummies,,13,BKS Tradeline,0,5,,,American Hard Gums,1000mg,Hempthy CBD Gummy Bags 1000mg - American Hard Gums.,,,,,,,,SUPPLIER_DISTINCT,Flavour,American Hard Gums,Hempthy CBD Gummy Bags 1000mg
Hempthy CBD Gummy Bags 1000mg - Fizzy Gummy Bears,Hempthy,CBDHTY-GUMB1000-FGB,,CBD&VAPING,CBD,Gummies,,13,BKS Tradeline,0,5,,,Fizzy Gummy Bears,1000mg,Hempthy CBD Gummy Bags 1000mg - Fizzy Gummy Bears.,,,,,,,,SUPPLIER_DISTINCT,Flavour,Fizzy Gummy Bears,Hempthy CBD Gummy Bags 1000mg
Hempthy CBD Gummy Bags 1000mg - Fizzy Sour Peaches,Hempthy,CBDHTY-GUMB1000-FSP,,CBD&VAPING,CBD,Gummies,,13,BKS Tradeline,0,5,,,Fizzy Sour Peaches,1000mg,Hempthy CBD Gummy Bags 1000mg - Fizzy Sour Peaches.,,,,,,,,SUPPLIER_DISTINCT,Flavour,Fizzy Sour Peaches,Hempthy CBD Gummy Bags 1000mg
Hempthy CBD Gummy Bags 1000mg - Pick N' Mix,Hempthy,CBDHTY-GUMB1000-PNM,,CBD&VAPING,CBD,Gummies,,13,BKS Tradeline,0,4,,,Pick N' Mix,1000mg,Hempthy CBD Gummy Bags 1000mg - Pick N' Mix.,,,,,,,,SUPPLIER_DISTINCT,Flavour,Pick N' Mix,Hempthy CBD Gummy Bags 1000mg
Hempthy CBD Gummy Bags 1000mg - Sugar Free Gummies,Hempthy,CBDHTY-GUMB1000-SFG,,CBD&VAPING,CBD,Gummies,,13,BKS Tradeline,0,5,,,Sugar Free Gummies,1000mg,Hempthy CBD Gummy Bags 1000mg - Sugar Free Gummies.,,,,,,,,SUPPLIER_DISTINCT,Flavour,Sugar Free Gummies,Hempthy CBD Gummy Bags 1000mg
Elements 4 Piece Metal Grinder,Elements,ELEMPG-PINK-65L,,STORAGE&TOOLS,Grinder,Metal,4 Piece,12.99,BKS Tradeline,1,10,,Metal,Large Pink,65mm,Elements four-piece metal grinder 65mm pink.,,,,,,,,SUPPLIER_DISTINCT,Size,Large Pink,Elements 4 Piece Metal Grinder
Elements 4 Piece Metal Grinder,Elements,ELEMPG-RED-65L,,STORAGE&TOOLS,Grinder,Metal,4 Piece,12.99,BKS Tradeline,1,5,,Metal,Large Red,65mm,Elements four-piece metal grinder 65mm red.,,,,,,,,SUPPLIER_DISTINCT,Size,Large Red,Elements 4 Piece Metal Grinder
CBD Tea - FROSTIES - 3.5g (NO VAT),Doctor Herb,PF-FROS3,,CBD&VAPING,CBD,Flower,Eighth,21,Doctor Herb,0,5,,,Frosties,3.5g,Doctor Herb Frosties CBD hemp tea flower 3.5g.,,,,,,,,SINGLE,,,
CBD Tea - KANDY KUSH CAKE - 3.5g (NO VAT),Doctor Herb,PF-KAND3,,CBD&VAPING,CBD,Flower,Eighth,21,Doctor Herb,0,5,,,Kandy Kush Cake,3.5g,Doctor Herb Kandy Kush Cake CBD hemp tea flower 3.5g.,,,,,,,,SINGLE,,,
CBD Tea - AMNESIA HAZE - 3.5g (NO VAT),Doctor Herb,PF-AMNE3,,CBD&VAPING,CBD,Flower,Eighth,21,Doctor Herb,0,5,,,Amnesia Haze,3.5g,Doctor Herb Amnesia Haze CBD hemp tea flower 3.5g.,,,,,,,,SINGLE,,,
CBD Tea - GORILLA GLUE - 3.5g (NO VAT),Doctor Herb,BF-GORR3,,CBD&VAPING,CBD,Flower,Eighth,15,Doctor Herb,0,5,,,Gorilla Glue,3.5g,Doctor Herb Gorilla Glue CBD hemp tea flower 3.5g.,,,,,,,,SINGLE,,,
Juicy Jays (24) - Mello Mango,Juicy Jays,JJK04,,PIPES&ROLLING,Papers,Kingsize Flavoured,Flavoured,11.75,S&R Tradelink,12,24,,,Mello Mango,24 packs,Juicy Jays kingsize slim flavoured papers - Mello Mango.,,,,,,,,SINGLE,,,
Juicy Jays (24) - Blackberry Brandy,Juicy Jays,JJK09,,PIPES&ROLLING,Papers,Kingsize Flavoured,Flavoured,11.75,S&R Tradelink,12,24,,,Blackberry Brandy,24 packs,Juicy Jays kingsize slim flavoured papers - Blackberry Brandy.,,,,,,,,SINGLE,,,
King Palm Mini Rolls 1g - Berryterp - 2 Pack,King Palm,KPALM-FLBERT-MINI2,,PIPES&ROLLING,Fast Fills,Mini Rolls,,2.06,BKS Tradeline,0,20,,,Berryterp,1g / 2 Pack,King Palm Mini Rolls 1g - Berryterp - 2 Pack.,,,,,,,,SUPPLIER_DISTINCT,Flavour,Berryterp,King Palm Flavour Mini Rolls 1g
King Palm Mini Roll 1g - Grape HD - Single,King Palm,KPALM-FLGRHD-MINI1,,PIPES&ROLLING,Fast Fills,Mini Rolls,,1.30,BKS Tradeline,0,24,,,Grape HD,1g / Single Roll,King Palm Mini Roll 1g - Grape HD - Single.,,,,,,,,SUPPLIER_DISTINCT,Flavour,Grape HD,King Palm Flavour Mini Rolls 1g
King Palm Mini Roll 1g - Green Apple - Single,King Palm,KPALM-FLGRNAP-MINI1,,PIPES&ROLLING,Fast Fills,Mini Rolls,,1.30,BKS Tradeline,0,24,,,Green Apple,1g / Single Roll,King Palm Mini Roll 1g - Green Apple - Single.,,,,,,,,SUPPLIER_DISTINCT,Flavour,Green Apple,King Palm Flavour Mini Rolls 1g
King Palm Mini Roll 1g - Guava - Single,King Palm,KPALM-FLGTG-MINI1,,PIPES&ROLLING,Fast Fills,Mini Rolls,,1.30,BKS Tradeline,0,24,,,Guava,1g / Single Roll,King Palm Mini Roll 1g - Guava - Single.,,,,,,,,SUPPLIER_DISTINCT,Flavour,Guava,King Palm Flavour Mini Rolls 1g
RAW Maestro Cone Tips - 32 Tips Per Pack,RAW,RAWCTIP-MAESTRO,,PIPES&ROLLING,Tips,Cone Tips,,5.99,BKS Tradeline,12,24,,,Maestro,32 tips / pack; 24 packs / box,"RAW Maestro cone tips, 32 tips per pack. Supplier box contains 24 packs.",,,,,,,,SINGLE,,,
Quintessential Recycled Tips (50 Booklets),Quintessential,QUINT RECYCLED,,PIPES&ROLLING,Tips,,,8.75,Basil Bush,0,1,,,Recycled,50 Booklets,"Quintessential recycled filter tips, box of 50 booklets.",,,50,,,,,SINGLE,,,
Gripper Small Acrylic Bong 22cm,Basil Bush,PBAC15S,,PIPES&ROLLING,Waterpipe,Acrylic,Small,3.50,Basil Bush,0,5,,Acrylic,,22cm,"Small gripper acrylic bong, 22cm.",,,,,,,,SINGLE,,,
